{"names": ["attack", "auto team up", "back", "boomer selected", "bounty mission", "bounty mission - ally", "bounty mission - personal missions", "build", "build icon - can", "build icon - cannot", "cancel", "city wall", "claim", "claim all", "collect", "complete", "complete - build", "complete - military", "complete - quick deploy", "complete - rss", "confirm", "congratulations", "event calendar", "event calendar - army expansion", "event calendar - hero initiative", "event calendar - mod vehicle boost", "exit", "finish now", "free gas", "go", "headquarters", "heal", "help - request", "help others", "hero", "hero busy", "hero sleeping", "idle rewards", "join", "lab icon - can", "lab icon - cannot", "label - battle rewards", "label - builder", "label - city wall", "label - get more", "label - hospital", "label - hq management", "label - idle rewards", "label - replenish all", "label - requirements", "label -replenish all", "last z icon", "loading", "magnifying glass", "medic", "military", "peace shield", "purchase and use shield", "quick deploy", "radar", "reconnect", "replenish all", "rss chest", "search", "skull", "speed up", "team up", "train", "tyrant icon", "upgrade", "vs icon", "wanted", "worker", "world", "wrench"], "yaml": {"nc": 75, "scales": {"n": [0.5, 0.25, 1024], "s": [0.5, 0.5, 1024], "m": [0.5, 1.0, 512], "l": [1.0, 1.0, 512], "x": [1.0, 1.5, 512]}, "backbone": [[-1, 1, "Conv", [64, 3, 2]], [-1, 1, "Conv", [128, 3, 2]], [-1, 2, "C3k2", [256, false, 0.25]], [-1, 1, "Conv", [256, 3, 2]], [-1, 2, "C3k2", [512, false, 0.25]], [-1, 1, "Conv", [512, 3, 2]], [-1, 2, "C3k2", [512, true]], [-1, 1, "Conv", [1024, 3, 2]], [-1, 2, "C3k2", [1024, true]], [-1, 1, "SPPF", [1024, 5]], [-1, 2, "C2PSA", [1024]]], "head": [[-1, 1, "nn.Upsample", ["None", 2, "nearest"]], [[-1, 6], 1, "Concat", [1]], [-1, 2, "C3k2", [512, false]], [-1, 1, "nn.Upsample", ["None", 2, "nearest"]], [[-1, 4], 1, "Concat", [1]], [-1, 2, "C3k2", [256, false]], [-1, 1, "Conv", [256, 3, 2]], [[-1, 13], 1, "Concat", [1]], [-1, 2, "C3k2", [512, false]], [-1, 1, "Conv", [512, 3, 2]], [[-1, 10], 1, "Concat", [1]], [-1, 2, "C3k2", [1024, true]], [[16, 19, 22], 1, "Detect", ["nc"]]], "scale": "n", "yaml_file": "yolo11n.yaml", "ch": 3, "channels": 3}, "nc": 75, "args": {"model": "runs/detect/train/weights/best.pt", "batch": 16, "imgsz": 1024}, "ultralytics_version": "8.3.170", "model_type": "yolov11"}